bleres_id,shuma_total_shitje,periudhat_aktivitetit,CLV
NULL,75438,1,15087.600000
3,1020279,1,204055.800000
7,93834,1,18766.800000
11,129669,1,25933.800000
14,164673,1,32934.600000
18,2168085,1,433617.000000
24,448671,1,89734.200000
26,260322,1,52064.400000
36,186981,1,37396.200000
42,228108,1,45621.600000
45,272781,1,54556.200000
63,221466,1,44293.200000
70,319410,1,63882.000000
3432,600,1,120.000000
53432,41055,1,8211.000000
54455,178656,1,35731.200000
