city,CLV_mesatar
Atlanta,59082.750000
Boise,90146.000000
Chicago,92842.750000
Houston,136801.500000
Los Angeles,41740.750000
New York,31163.500000
